recipe_url,name,time,difficulty,ingredients
https://www.jamieoliver.com/recipes/vegetable-recipes/air-fryer-root-veg/,Air-fryer root veg,"45 minutes (10 minutes prep, 35 minutes cook)                                                    ","Super easy                                                    
","['640 g root veg , such as carrot, butternut squash, parsnip, swede', 'olive oil', '4 cloves of garlic', '2 sprigs of fresh rosemary', 'red wine vinegar']"
https://www.jamieoliver.com/recipes/vegetable-recipes/smoky-tender-aubergine/,Smoky tender aubergine,22 minutes                                                    ,"Not too tricky                                                    
","['2 aubergines', '50 g sesame seeds', '½ x 700 g jar or 1 x 400g tin of chickpeas', '2 lemons', '200 g radishes , ideally with leaves']"
https://www.jamieoliver.com/recipes/vegetable-recipes/smoky-lentil-and-broccoli-stem-tacos/,Smoky lentil and broccoli stem tacos,"35 minutes (20 MINUTES PREP, 10-15 MINUTES COOK)                                                    ","Not too tricky                                                    
","['2 tbsp olive oil', '½ red onion , thinly sliced', '1 large broccoli stem , grated', '1 x 400 g tin green lentils , drained and rinsed', '2 garlic cloves , finely chopped', '4 sundried tomatoes , roughly chopped', '1 tbsp tomato purée', '1 tbsp soy sauce , or tamari', '1 tsp smoked paprika', '1 tsp ground cumin', '1 tbsp nutritional yeast', '¼ tsp black pepper', 'Crisp cucumber salsa', '2 baby cucumbers , quartered lengthways, then thinly sliced', '½ red onion , finely chopped', '1 lime , zest and juice of', '2 tbsp freshly chopped mint', '2 tbsp freshly chopped coriander', '½ fresh red or green chilli , seeded, finely chopped', 'generous pinch of salt', '¼ tsp black pepper', 'To serve', '8–12 corn or flour tortillas , warmed', 'freshly chopped coriander and basil', 'lime wedges']"
https://www.jamieoliver.com/recipes/vegetable-recipes/sticky-aubergine-and-peanut-salad/,Sticky aubergine and peanut salad,"55 minutes (15 MINUTES PREP, 40 MINUTES COOK)                                                    ","Not too tricky                                                    
","['2 aubergines', '2 tbsp soy sauce or tamari', '2 tbsp maple syrup', '1 tbsp sriracha', '2 tbsp sesame oil', 'Sweet and spicy peanut sauce', '2 tbsp peanut butter , either smooth or crunchy', '1 tbsp sriracha', '1–2 limes , zest and juice of', '1 tbsp maple syrup', 'To serve', '50 g peanuts , roughly chopped', '4 tbsp chopped fresh coriander', '4 tbsp chopped fresh mint', '3 spring onions , thinly sliced', '1 red chilli , thinly sliced']"
https://www.jamieoliver.com/recipes/sides-and-sauces-recipes/magnolia-blossom-pickle/,Magnolia blossom pickle,10 minutes plus pickling time                                                    ,"Not too tricky                                                    
","['100 g magnolia blossom leaves (roughly 6 heads)', '350 ml rice wine vinegar', '50 g golden caster sugar']"
https://www.jamieoliver.com/recipes/fruit-recipes/raw-vegan-flapjack-snacks/,Raw vegan flapjack snacks,30 minutes                                                    ,"Not too tricky                                                    
","['100 g unsalted pecans', '100 g unsalted hazelnuts', '20 g mixed seeds , such as linseeds, chia', '180 g Medjool dates', '100 g mixed dried berries , such as blueberries, cranberries, sour cherries', '200 g porridge oats', '2 tablespoons oil , (I like walnut oil)', '1-2 tablespoons maple syrup']"
https://www.jamieoliver.com/recipes/vegetable-recipes/sweet-and-sour-stir-fry/,Sweet & sour stir-fry,21 minutes                                                    ,"Super easy                                                    
","['100 g fine rice noodles', '1 x 227 g tin of pineapple chunks in juice', '2 heaped teaspoons cornflour', '1 tablespoon cider vinegar', '2 teaspoons low-salt soy sauce', '2 teaspoons sesame seeds', '30 g cashew nuts', '4 spring onions', '2 cloves of garlic', '2 cm piece of ginger', '1 fresh red chilli', '200 g sugarsnap peas', 'groundnut oil', '200 g sprouts , such as alfalfa sprouts, chickpea sprouts, beansprouts', '1 lime']"
https://www.jamieoliver.com/recipes/fruit-recipes/perfect-poached-rhubarb/,Perfect poached rhubarb,15 minutes                                                    ,"Not too tricky                                                    
","['2 kg rhubarb', '5 cm piece of ginger', '300 g sugar', '1 bunch of fresh thyme , (20g) optional']"
https://www.jamieoliver.com/recipes/vegetable-recipes/5-a-day-spiced-veg-stew/,5-a-day spiced veg stew,53 minutes                                                    ,"Not too tricky                                                    
","['1 sweet potato , (300g)', '1 aubergine , (250g)', '2 mixed-colour peppers', '2 onions', 'olive oil', '½ a bunch of fresh coriander , (15g)', '30 g sun-dried tomatoes', '2 tablespoons Thai curry paste , (choose your favourite)', '½ x 400 g tin of light coconut milk', '160 g mangetout', '2 teaspoons soy or fish sauce', '1 lime', '2 flatbreads , optional']"
https://www.jamieoliver.com/recipes/vegetable-recipes/super-silky-houmous/,Super-silky houmous,5 minutes                                                    ,"Not too tricky                                                    
","['1 x 700 g jar of chickpeas', '½ a clove of garlic', 'ground cumin', 'extra virgin olive oil', '2 tablespoons tahini', '1 lemon']"
https://www.jamieoliver.com/recipes/cauliflower-recipes/whole-roasted-spiced-cauli/,Whole roasted spiced cauli,1 hour 15 minutes                                                    ,"Super easy                                                    
","['½ a bunch of fresh coriander , (15g)', '400 g chopped mixed onion, carrot and celery', 'olive oil', '1 small cauliflower , (600g)', '2 teaspoons smoked paprika', '2 heaped teaspoons madras curry paste', '2 x 400 g tin of green lentils', '2 x 400 g tin of blackeye beans', '3 tablespoons mango chutney , plus extra to serve']"
https://www.jamieoliver.com/recipes/rice-recipes/katsu-style-tofu-rice-bowl/,Katsu-style tofu rice bowls,40 minutes plus marinating                                                    ,"Not too tricky                                                    
","['450 g firm tofu', '½ teaspoon ground turmeric', '2 tablespoons white miso', 'rice vinegar', 'mirin', '300 g short grain brown rice', '60 g breadcrumbs', '40 g sesame seeds', 'olive oil', '½ teaspoon curry powder', '2 tablespoons mango chutney', '½ a pineapple', '2 fresh red chillies', '4 spring onions', '400 g mixed crunchy veg , such as carrots, sugar snaps, cucumber, cabbage', '½ a bunch of fresh coriander , (15g)', 'hot chilli sauce , to serve']"
https://www.jamieoliver.com/recipes/vegetable-recipes/roasted-sweet-potato-burrito/,Roasted sweet potato burrito,50 minutes                                                    ,"Not too tricky                                                    
","['2 medium sweet potatoes , (600g)', 'olive oil', '2 cloves of garlic', '½ a teaspoon of sweet smoked paprika', '½ a teaspoon of ground cumin', '1 x 400 g tin of black beans', '150 g long grain rice', '200 g spinach', '6 spring onions', '100 g sliced pickled jalapeños', '½ a bunch of fresh coriander , (15g)', '4 wholemeal tortillas', '4 tablespoons diary-free yoghurt', '1-2 limes']"
https://www.jamieoliver.com/recipes/peppers-recipes/sticky-miso-peppers/,Sticky miso peppers,25 minutes                                                    ,"Not too tricky                                                    
","['1 x 220 g tin of pineapple rings in juice', '280 g extra firm tofu', '2 mixed-colour peppers', 'olive oil', '4 spring onions', '4 cloves of garlic', '90 g rice vermicelli noodles', '20 g wasabi peas', '2 heaped teaspoons red miso paste']"
https://www.jamieoliver.com/recipes/cauliflower-recipes/greek-inspired-cauliflower-stew/,Greek-inspired cauliflower stew,1 hour 25 minutes                                                    ,"Not too tricky                                                    
","['1 lemon', 'olive oil', '1 bulb of garlic', '2 red onions', '10 black olives , (stone in)', '300 g new potatoes', '½ a bunch of fresh oregano , (15g)', '10 large ripe plum tomatoes', '1 head of cauliflower , ideally with leaves (800g)', '200 g fresh or frozen peas , or broad beans']"
https://www.jamieoliver.com/recipes/pasta-recipes/tasty-vegan-lasagne/,Tasty vegan lasagne,3 hours                                                    ,"Not too tricky                                                    
","['2 red onions', '2 cloves of garlic', '2 carrots', '2 sticks of celery', '2 sprigs of fresh rosemary', 'olive oil', '1 teaspoon dried chilli flakes', '100 ml vegan Chianti wine', '1 x 400g tin of green lentils', '2 x 400g tins of quality plum tomatoes', '1 kg mixed wild mushrooms', '4 heaped tablespoons plain flour', '800 ml almond milk', '70 g vegan Cheddar cheese', '300 g dried lasagne sheets', '½ a bunch of fresh sage (15g)']"
https://www.jamieoliver.com/recipes/rice-recipes/pumpkin-rice/,Pumpkin rice,50 minutes                                                    ,"Not too tricky                                                    
","['400 g pumpkin , or butternut squash', '100 g coconut cream', '4 allspice berries', '4 spring onions', '½ a bunch of fresh thyme , (15g)', '2 Scotch bonnet chillies', '½ a pointed cabbage , (400g)', '450 g basmati rice', '2 cloves of garlic', '1 onion', 'olive oil', '200 g ripe mixed-colour cherry tomatoes', '200 g okra', '1 x 700 g jar of butter beans']"
https://www.jamieoliver.com/recipes/vegetable-recipes/wonderful-veg-tagine/,Wonderful veg tagine,1 hour                                                    ,"Not too tricky                                                    
","['1 pinch of saffron', '4 cloves of garlic', '4 cm piece of ginger', 'olive oil', '1 teaaspoon ground cumin', '½ teaspoon ground cinnamon', '1 teaspoon ras el hanout', '1 tablespoon sun-dried tomato paste', '2.5 kg mixed veg , such as aubergines, courgettes, carrots, cherry tomatoes, red onion, butternut squash, mixed-colour peppers', '1 x 400 g tin of chickpeas', '100 g dried apricots', '1 preserved lemon', '300 g couscous', '½ a bunch of mixed fresh herbs , such as dill, mint, flat-leaf parsley (15g)', '20 g flaked almonds']"
https://www.jamieoliver.com/recipes/aubergine-recipes/stuffed-curried-aubergines/,Stuffed curried aubergines,1 hour 15 minutes                                                    ,"Not too tricky                                                    
","['1 onion', '4 cloves of garlic', '4 cm piece of ginger', '½ a bunch of fresh coriander , (15g)', '2 fresh red chillies', '1 teaspoon each cumin seeds , mustard seeds, ground turmeric, garam masala, fenugreek seeds', '1 big handful of fresh curry leaves', 'groundnut oil', '2 heaped tablespoons crunchy peanut butter', '1 tablespoon mango chutney', '2 level tablespoons tamarind paste', '12 finger aubergines , (800g total)', '1 x 400 g tin of light coconut milk', '250 g ripe mixed-colour cherry tomatoes']"
https://www.jamieoliver.com/recipes/vegetable-recipes/jessica-chastain-s-tempura/,Jessica Chastain's tempura rolls,1 hour 10 minutes                                                    ,"Not too tricky                                                    
","['PICKLED SHALLOTS', '2 teaspoons black peppercorns', '1 cinnamon stick', '2 star anise', '2 teaspoons coriander seeds', 'kosher salt', 'white wine vinegar', '6 shallots', 'EDAMAME DIP', '2 jalapeño chillies', '1 clove of garlic', '1 shallot', '250 g edamame beans', 'vegetable oil', 'rice wine vinegar', 'DIPPING SAUCE', '½ teaspoon mushroom seasoning', '20 g sugar', '35 ml tamari', 'rice wine vinegar', 'RICE ROLLS', '2 -3 heritage carrots', '2 Lebanese cucumbers , or 1 cucumber', '1 bunch of fresh chervil , (30g)', '½ a bunch of fresh tarragon , (15g)', '1 large handful of red grapes', '1 large handful of radishes', '1 romaine lettuce', '12 shiso leaves , (optional)', '30 g micro herbs , (pea shoots, purple radish, wasabi mustard)', '30 g mixed beansprouts , (mung, adzuki, chickpea, lentil)', '12 rice paper wrappers', 'CAULIFLOWER TEMPURA', '2 cauliflowers , (800g)', '400 g gluten-free self-raising flour', '2 litres vegetable oil , for deep frying']"
https://www.jamieoliver.com/recipes/vegetable-recipes/vegan-falafel-fritters/,Vegan falafel fritters,50 minutes                                                    ,"Not too tricky                                                    
","['150 g frozen peas , broad beans, or edamame beans', '1 heaped tablespoon self-raising flour', '1 preserved lemon', '¼ teaspoon cumin seeds', '6 flatbreads', '60 g shelled unsalted pistachios , (optional)', '100 g soya yoghurt', 'hot chilli sauce', 'SALAD PICKLE', '1 pomegranate', 'red wine vinegar', 'extra virgin olive oil', '1 red onion', '1-2 fresh mixed-colour chillies', '1 cucumber', '1-2 mixed-colour carrots', '1 bunch of fresh mint , (30g)', 'HOUMOUS', '1 x 660 g jar of chickpeas', '1 tablespoon unsweetened peanut butter', '½ a clove of garlic', '1 lemon', '½ a bunch of fresh parsley , (15g)', 'olive oil', '¼ teaspoon sweet smoked paprika', '1 tablespoon dukkah']"
https://www.jamieoliver.com/recipes/pasta-recipes/epic-veg-lasagne/,Epic vegan lasagne,2 hours 30 minutes                                                    ,"Not too tricky                                                    
","['20 g dried porcini mushrooms', '2 large red onions', '6 cloves of garlic', '2 carrots', '2 sticks of celery', '2 sprigs of fresh rosemary', 'olive oil', '1 teaspoon dried chilli flakes', '2 fresh bay leaves', '100 ml vegan Chianti wine', '1 x 400 g tin of green lentils', '2 x 400 g tins of quality plum tomatoes', '750 g mixed wild mushrooms', '½ a bunch of fresh thyme , (15g)', '2 slices of sourdough , (100g)', '70 g vegan Cheddar cheese', '½ a bunch of fresh sage , (15g)', 'extra virgin olive oil', 'PASTA', '400 g durum wheat flour , or fine semolina flour, plus extra for dusting', 'WHITE SAUCE', 'olive oil', '4 heaped tablespoons plain flour', '800 ml almond milk']"
https://www.jamieoliver.com/recipes/vegetable-recipes/roasted-root-veg/,Roasted root veg,"1 hour 15 minutes (15 minutes prep, 1 hour cook)                                                    ","Not too tricky                                                    
","['3 kg Maris Piper potatoes', '16 carrots', '12 parsnips', '1 bulb of garlic', '½ a bunch of fresh rosemary , (15g)']"
https://www.jamieoliver.com/recipes/fruit-recipes/amba-sauce/,Amba sauce,5 minutes plus cooling                                                    ,"Super easy                                                    
","['1 ripe mango', '1 large or 2 small limes', '1 clove of garlic', 'olive oil', '¼ teaspoon mustard seeds', '¼ teaspoon fenugreek seeds', '¼ teaspoon cayenne pepper', '¼ teaspoon sweet smoked paprika', '¼ teaspoon ground turmeric', '1 pinch of cayenne pepper , (optional)']"
https://www.jamieoliver.com/recipes/butternut-squash-recipes/vegan-m-hanncha/,Vegan m'hanncha,2 hours plus cooling                                                    ,"Showing off                                                    
","['100 g pearl barley', '1 butternut squash , (1.2kg)', '2 red onions', '2 cloves of garlic', '2 red peppers', '1 big bunch of fresh coriander , (60g)', 'olive oil', '½ teaspoon dried red chilli flakes', '1 heaped teaspoon fennel seeds', '1 heaped teaspoon cumin seeds', '1 heaped teaspoon ground coriander', '100 g mixed dates and dried apricots', '½ a lemon', '10 sheets of filo pastry', '1 tablespoon shelled pistachios', 'icing sugar , for dusting']"
https://www.jamieoliver.com/recipes/pasta-recipes/aubergine-penne-arrabbiata/,Aubergine penne arrabbiata,28 minutes                                                    ,"Not too tricky                                                    
","['12 fresh mixed-colour chillies', '2 aubergines , (500g total)', '300 g dried wholewheat penne', '4 cloves of garlic', '1 x 400 g tin of quality plum tomatoes']"
https://www.jamieoliver.com/recipes/aubergine-recipes/miso-grilled-aubergine-cucumber-pickle-rice-bowl/,Miso-grilled aubergine & cucumber pickle rice bowl,1 hour                                                    ,"Not too tricky                                                    
","['¼ of a cucumber', '1 tablespoon caster sugar , plus 1 pinch', '7 tablespoons Japanese rice vinegar', '300 g sushi rice', '3 aubergines , (750g total)', '3 tablespoons sweet white (shiro) miso', '1 tablespoons mirin rice wine', '4 spring onions', '1 tablespoon sesame seeds , optional']"
https://www.jamieoliver.com/recipes/butternut-squash-recipes/baked-squash/,Baked squash,2 hours 30 minutes                                                    ,"Not too tricky                                                    
","['1 butternut squash , (1.2kg)', 'olive oil', '1 red onion', '1 clove of garlic', '1 bunch of fresh sage , (30g)', '10 sun-dried tomatoes', '75 g vac-packed chestnuts', '75 g basmati rice', '75 g dried cranberries', '1 pinch of ground allspice', 'red wine']"
https://www.jamieoliver.com/recipes/vegetable-recipes/incredible-sicilian-aubergine-stew-with-couscous/,Incredible Sicilian aubergine stew with couscous,30 minutes                                                    ,"Not too tricky                                                    
","['1 large aubergine', 'olive oil', '½ teaspoon dried oregano', '1 small red onion', '1 clove garlic', '½ bunch flat-leaf parsley', '2 large tomatoes , ripe', '1 tablespoon baby capers', '8 green olives , stone in', '1 tablespoon red wine vinegar', '150g wholewheat couscous', '1 tablespoon flaked almonds', 'extra virgin olive oil']"
https://www.jamieoliver.com/recipes/vegetables-recipes/lentil-tabbouleh/,Lentil tabbouleh,30 minutes                                                    ,"Super easy                                                    
","['200 g puy lentils', '1 bunch of spring onions', '200 g ripe cherry tomatoes', '1 large bunch of fresh flat-leaf parsley', '1 large bunch of fresh mint', 'extra virgin olive oil', '1 lemon']"
https://www.jamieoliver.com/recipes/vegetables-recipes/spicy-cucumber-pickle/,Spicy cucumber pickle,1 hour 10 minutes                                                    ,"Super easy                                                    
","['6 pickling cucumbers , or 2 regular-sized cucumbers', '2 banana shallots', '2 teaspoons mustard seeds', '½ teaspoon ground turmeric', '2 star anise', '75 g caster sugar', '150 ml vinegar']"
https://www.jamieoliver.com/recipes/vegetable-recipes/simple-houmous/,Simple houmous,10 minutes                                                    ,"Super easy                                                    
","['1 x 400 g tin of chickpeas', '1 small clove of garlic', '1 tablespoon tahini', '1 lemon', 'extra virgin olive oil']"
https://www.jamieoliver.com/recipes/vegetable-recipes/aubergine-dip/,Aubergine dip,1 hour 5 minutes                                                    ,"Not too tricky                                                    
","['1 aubergine', '1 clove of garlic', '½ - 1 fresh green chilli', '½ a bunch of fresh flat-leaf parsley', '1 tablespoon extra virgin olive oil', '½ lemon', '½ teaspoon smoked paprika']"
https://www.jamieoliver.com/recipes/bread-recipes/wholewheat-maple-cinnamon-buns/,Wholewheat maple cinnamon buns,55 minutes plus proving                                                    ,"Showing off                                                    
","['185 ml unsweetened almond milk', '7g dried active yeast', '2 tablespoons maple syrup', '1 tablespoon ground flaxseed', '1 tablespoon coconut oil , plus extra for greasing', '150 g wholegrain flour', '160 g plain white flour', '1 teaspoon ground cinnamon', 'FILLING', '90 g pecan nuts', '2 ripe medium bananas', '4 medjool dates', '1 tablespoon ground cinnamon', '2 tablespoons maple syrup', 'ALMOND ICING', '1-2 tablespoons almond milk', '75 g icing sugar']"
https://www.jamieoliver.com/recipes/vegetables-recipes/radish-pickle/,Radish pickle,20 minutes                                                    ,"Super easy                                                    
","['1 bunch of radishes', '2 tablespoons red wine vinegar', '2 tablespoons caster sugar']"
https://www.jamieoliver.com/recipes/vegetables-recipes/sweet-potato-white-bean-chilli/,Sweet potato & white bean chilli,50 minutes                                                    ,"Super easy                                                    
","['2 medium sweet potatoes', 'olive oil', '2 teaspoons ground cinnamon', '1 tablespoon ground cumin', '1 teaspoon smoked paprika', '1 large onion', '1 bunch of fresh coriander', '1 fresh red chilli', '2 red peppers', '1 yellow pepper', '1 x 400 g tin of cannellini beans', '1 x 400 g tin of tomatoes']"
https://www.jamieoliver.com/recipes/vegetable-recipes/easy-tomato-chutney/,Easy tomato chutney,50 minutes                                                    ,"Super easy                                                    
","['250 g red onions', '500 g mixed-colour tomatoes', '1 fresh red chilli', '75 ml red wine vinegar', '140 g brown sugar']"
https://www.jamieoliver.com/recipes/vegetables-recipes/wine-gummy-tomatoes/,Wine-gummy tomatoes,4 hours 20 minutes                                                    ,"Super easy                                                    
","['3.5 kg large ripe mixed tomatoes', '8 cloves of garlic', 'olive oil', '½ a bunch of fresh soft herbs , such as chives, mint, basil or fennel tops', '200 ml extra virgin olive oil']"
https://www.jamieoliver.com/recipes/vegetables-recipes/sweetheart-slaw-with-passion-fruit-dressing/,Sweetheart slaw with passion fruit dressing,15 minutes                                                    ,"Super easy                                                    
","['1 sweetheart cabbage', '3 large spears of asparagus', '3 spring onions', '2 sticks of celery', '1 large green eating apple', '1 carrot', 'PASSION FRUIT DRESSING', '1 large orange', '3 ripe passionfruit , plus extra to serve', '2 tablespoons cold-pressed extra virgin olive oil', '1 tablespoon poppy seeds']"
https://www.jamieoliver.com/recipes/fruit-recipes/vegan-toffee-apple-upside-down-cake/,Vegan toffee apple upside-down cake,50 minutes                                                    ,"Not too tricky                                                    
","['25 g vegan margarine , plus extra for greasing', '3 dessert apples', '195 g muscovado sugar', '180 g plain flour', '1 teaspoon bicarbonate of soda', '1½ teaspoons mixed spice', '80 ml sunflower oil', '1 tesapoon vinegar', '1 lemon', '85 g shelled walnuts']"
https://www.jamieoliver.com/recipes/chocolate-recipes/vegan-chocolate-tart-with-rhubarb/,Vegan chocolate tart with rhubarb,1 hour 10 minutes plus chilling                                                    ,"Showing off                                                    
","['150 ml soya milk', '4 cardamom pods', '4 tablespoons sugar', '1 tablespoon cornflour', '250 g dark vegan chocolate (70%)', '1 teaspoon vanilla extract', 'PASTRY', '250 g plain flour', '125 g icing sugar', '1 teaspoon ground ginger', '125 g soya margarine (cold) , plus extra for greasing', 'RHUBARB', '400 g rhubarb', '25-40 g sugar', '1 splash of ginger cordial', '1 orange']"
https://www.jamieoliver.com/recipes/vegetables-recipes/watercress-soup/,Watercress soup,35 minutes                                                    ,"Super easy                                                    
","['2 potatoes', '2 onions', '2 cloves of garlic', 'olive oil', '400 ml organic stock', '3 bunches of watercress']"
https://www.jamieoliver.com/recipes/vegetables-recipes/cauliflower-dhal/,Cauliflower dhal,55 minutes                                                    ,"Super easy                                                    
","['4 shallots', '1 clove of garlic', '1 small cauliflower', 'groundnut oil', '1 small handful of curry leaves', '2 teaspoons mustard seeds', '½ a dried red chilli', '300 g yellow split peas', '2 x 400 g tins of reduced fat coconut milk']"
https://www.jamieoliver.com/recipes/vegetable-recipes/spicy-corn-chickpea-burgers/,Spicy corn & chickpea burgers,40 minutes plus chilling                                                    ,"Not too tricky                                                    
","['800 g sweet potatoes', '2 teaspoons smoked paprika', 'olive oil', '1 x 400 g tin of chickpeas', '1 x 340 g tin of sweetcorn', '½ a bunch of fresh coriander , (15g)', '½ teaspoon ground coriander', '½ teaspoon ground cumin', '3 heaped tablespoons plain flour , plus extra for dusting', '1 lemon', '1 small round lettuce', '2 large ripe tomatoes', 'tomato ketchup', '4 wholemeal burger buns', 'extra virgin olive oil']"
https://www.jamieoliver.com/recipes/vegetables-recipes/bulgur-amp-lentil-salad/,Bulgur & lentil salad,1 hour plus infusion                                                    ,"Not too tricky                                                    
","['150 g dark bulgur wheat', '150 g green or yellow lentils', '2 cloves of garlic', '2 fresh bay leaves', '6 spring onions', '2 ripe tomatoes', '2 red peppers', '1 red onion', '½ a bunch of fresh flat-leaf parsley', '½ a bunch of fresh mint', '½ a bunch of fresh dill', '150 ml extra virgin olive oil', '4 tablespoons pomegranate molasses', '2 lemons', '1 teaspoon sumac']"
https://www.jamieoliver.com/recipes/vegetables-recipes/ratatouille/,Ratatouille,1 hour                                                    ,"Not too tricky                                                    
","['2 aubergines', '5 tablespoons olive oil', '2 red onions', '4 cloves of garlic', '2 red peppers , or 1 red and 1 yellow', '1 fennel bulb', '3 large courgettes', '4 large ripe tomatoes', '2 teaspoons herbs de Provence', 'SALSA VERDE (OPTIONAL)', '1 small handful of basil', '1 small handful of flat-leaf parsley', '1 small handful of coriander', '1 small handful of mint', '1 clove of garlic', '1 teaspoon capers', '4-5 tablespoons olive oil', '½ lemon']"
https://www.jamieoliver.com/recipes/vegetables-recipes/sweet-potato-chickpea-amp-spinach-curry/,"Sweet potato, chickpea & spinach curry",1 hour                                                    ,"Super easy                                                    
","['olive oil', '2 red onions', '3 tablespoons rogan josh paste', '1 fresh red chilli', '3cm piece of ginger', '1 bunch of fresh coriander', '3 sweet potatoes', '1 x 400 g tin chickpeas', '8 ripe tomatoes or 1 x 400g tin chopped tomatoes', '1 x 400 ml tin light coconut milk', '400 g pre-washed spinach']"
https://www.jamieoliver.com/recipes/vegetables-recipes/roast-vegetable-salad/,Roast vegetable salad,1 hour                                                    ,"Not too tricky                                                    
","['6 plum tomatoes', '2 large red onions', '4 long red peppers', '2 yellow peppers', '6 cloves of garlic', 'extra virgin olive oil', '1 tablespoon baby capers', '1 teaspoon paprika', '4 tablespoons extra virgin olive oil , plus extra for drizzling', '½ lemon']"
https://www.jamieoliver.com/recipes/vegetables-recipes/chickpea-curry/,Chickpea curry,35 minutes                                                    ,"Not too tricky                                                    
","['2 medium onions', '1 x 400 g tin chickpeas', '1-2 fresh green chillies', '2 tablespoons sunflower oil', '1 teaspoon mustard seeds', '½ teaspoon asafoetida', '1-2 teaspoon sugar , optional', '½ x 400 g tin of tomatoes', '1 teaspoon fresh ginger paste', '1 teaspoon garlic paste', '1 teaspoon green chilli paste', '1 teaspoon red chilli powder', '1 teaspoon turmeric', '1 teaspoon dhana jeera powder', '1-2 teaspoon sugar , optional', 'a few sprigs of fresh coriander', '½ teaspoon garam masala']"
https://www.jamieoliver.com/recipes/fruit-recipes/cranberry-chilli-jam/,Cranberry & chilli jam,1 hour                                                    ,"Not too tricky                                                    
","['2 red onions', '4 cloves of garlic', '3-4 long fresh red chillies', 'olive oil', '500 g fresh cranberries', '150 g sugar', '40 ml red wine vinegar']"
https://www.jamieoliver.com/recipes/vegetables-recipes/jamie-s-christmas-curry/,Jamie’s Christmas curry,2 hours 10 minutes                                                    ,"Showing off                                                    
","['1½ teaspoons fennel seeds', '1½ teaspoons coriander seeds', '1 tesapoon chilli flakes', '1 medium cauliflower', 'groundnut oil', '15cm piece of ginger', '9 cloves of garlic', '20 finger aubergines', '3 medium onions', '2-3 fresh green chillies', '1 kg ripe tomatoes', '1 cinnamon stick', '150 g cashews', '100 g coconut shavings', '1 pomegranate', 'SPICE BLEND', '1 teaspoon cardamom pods', '2 teaspoons turmeric powder', '3 dried Kashmiri red chillies', '7 cloves', '1 tablespoon fennel seeds', '1 teaspoon cumin seeds', '1 teaspoon black peppercorns', 'INDIAN TEMPEH', '3 cloves of garlic', '1 small handful of fresh curry leaves', '1 tablespoon brown mustard seeds']"
https://www.jamieoliver.com/recipes/vegetables-recipes/mixed-mushroom-stuffing/,Mixed mushroom stuffing,1 hour 20 minutes                                                    ,"Not too tricky                                                    
","['2 shallots', '4 cloves of garlic', '350 g mixed wild mushrooms', '400 g closed cup or chestnut mushrooms', '½ a bunch of fresh thyme', '350 g stale bread', '100 g pecans or hazelnuts', '1 bunch of fresh flat-leaf parsley', '25 g dried porcini', '80 ml olive oil', '2 fresh bay leaves']"
https://www.jamieoliver.com/recipes/fruit-recipes/roasted-pear-with-walnut-ginger-filling/,Roasted pear with walnut & ginger filling,50 minutes plus cooling                                                    ,"Not too tricky                                                    
","['5 comice pears', '1 ½ teaspoon ground cinnamon', '1 teaspoon caraway seeds', '70 g walnut halves', '20 g pine nuts', '20 g stem ginger , optional']"
https://www.jamieoliver.com/recipes/rice-recipes/wild-rice-brussels-sprout-super-salad/,Wild rice & Brussels sprout super salad,45 minutes plus cooling                                                    ,"Not too tricky                                                    
","['300 g mixed wild rice', '2 red onions', '2 tablespoons red wine vinegar', '500 g Brussels sprouts', '8 radishes', '1 lemon', '1 large bunch of mixed soft fresh herbs, such as mint, parsley, basil', '1 large handful of dried cranberries or raisins', 'extra virgin olive oil']"
https://www.jamieoliver.com/recipes/vegetables-recipes/salt-cinnamon-kale-crisps/,Salt & cinnamon kale crisps,15 minutes                                                    ,"Super easy                                                    
","['12 large whole kale leaves , (200g)', '3 tablespoons olive oil', '1/2 tablespoon sugar', '1/2 tablespoon cinnamon']"
https://www.jamieoliver.com/recipes/vegetables-recipes/grilled-cauliflower-with-winter-pesto/,Grilled cauliflower with winter pesto,1 hour                                                    ,"Not too tricky                                                    
","['3 banana shallots or 1 onion', 'olive oil', '1 large cauliflower', '1 tesapoon ground dried chilli', '2 x 400 g tins cannellini beans', 'HERB PESTO', '25 g unsalted nuts , (whatever kind you have)', '3-4 sprigs of woody herbs, such as rosemary, thyme, flat-leaf parsley', '1 lemon']"
https://www.jamieoliver.com/recipes/vegetables-recipes/homemade-vegetable-crisps/,Homemade vegetable crisps,2 hours 10 minutes                                                    ,"Super easy                                                    
","['500 g parsnips', '330 g carrots', '400 g beetroot', 'SPICY SALT', '1 teaspoon sea salt', '½ teaspoon fennel seeds', '2 dried red chillies']"
https://www.jamieoliver.com/recipes/vegetables-recipes/sesame-roasted-kale/,Sesame-roasted kale,30 minutes                                                    ,"Super easy                                                    
","['500 g kale', '2 teaspoons sesame oil', '1 tablespoon olive oil', '1 tablespoon sesame seeds']"
https://www.jamieoliver.com/recipes/vegetable-recipes/pumpkin-chickpea-coconut-curry/,"Pumpkin, chickpea & coconut curry",1 hour 10 minutes                                                    ,"Super easy                                                    
","['1 pumpkin , or squash (roughly 900g)', '4 cm piece of ginger', '4 shallots', '4 cloves of garlic', '1 fresh red chilli', '1 bunch fresh coriander', 'groundnut oil', '1 teaspoon mustard seeds', '20 curry leaves', '1 teaspoon turmeric', '1 x 400 g tin of chopped tomatoes', '2 x 400 g tins of light coconut milk', '2 x 400 g tins of chickpeas']"
https://www.jamieoliver.com/recipes/sides-and-sauces-recipes/homemade-mustard/,Homemade mustard,5 minutes plus soaking                                                    ,"Super easy                                                    
","['100 g yellow mustard seeds', '150 ml Champagne vinegar , (you can also use cider vinegar)', '150 ml white wine', '4-5 sprigs of fresh tarragon']"
https://www.jamieoliver.com/recipes/fruit-recipes/spiced-plum-chutney/,Spiced plum chutney,1 hour 30 minutes plus cooling                                                    ,"Not too tricky                                                    
","['vegetable oil', '4 shallots', '1 kg mixed plums', '3 fresh bay leaves', '1 cinnamon stick', '5 cloves', '½ teaspoon ground allspice', '½ teaspoon ground ginger', '400 g brown sugar', '1 orange', 'cider vinegar']"
https://www.jamieoliver.com/recipes/vegetables-recipes/instant-pickled-onions/,Instant pickled onions,30 minutes                                                    ,"Not too tricky                                                    
","['500 ml red wine vinegar', '½ a bunch of fresh thyme , (15g)', '500 ml white wine vinegar', '4 fresh bay leaves', '500 g red onions', '500 g white onions']"
https://www.jamieoliver.com/recipes/vegetables-recipes/south-indian-pumpkin-pickle/,South Indian pumpkin pickle,1 hour 15 minutes plus cooling                                                    ,"Showing off                                                    
","['2 red onions', '3 cloves of garlic', '2.5 cm piece of ginger', '500 g pumpkin', '2 fresh green chillies', 'vegetable oil', '1 teaspoon mustard seeds', '1 teaspoon fenugreek seeds', '1 tablespoon ground coriander', '1 tablespoon ground cumin', '1 tablespoon turmeric', '1 x 400 g tin of plum tomatoes', '6 limes', 'cider vinegar', '250 g brown sugar']"
https://www.jamieoliver.com/recipes/fruit-recipes/lemon-pickle/,Lemon pickle,20 minutes plus cooling                                                    ,"Not too tricky                                                    
","['2 lemons', '1 small fresh red chilli', '2 tablespoons olive oil', '1 tablespoon yellow mustard seeds', '1 teaspoon cumin seeds', '1 small handful curry leaves', '3 tablespoons caster sugar']"
https://www.jamieoliver.com/recipes/vegetables-recipes/chilli-pickle/,Chilli pickle,15 minutes plus infusing overnight                                                    ,"Super easy                                                    
","['150 ml distilled malt vinegar', '50 g soft brown sugar', '8 black peppercorns', '8 allspice berries', '1 fresh bay leaf', '2 sprigs of fresh thyme', '1 red onion', '2 red peppers', '2 green peppers', '2 yellow peppers', '20 jalapeño chillies']"
https://www.jamieoliver.com/recipes/fruit-recipes/gooseberry-elderflower-jam/,Gooseberry & elderflower jam,1 hour                                                    ,"Not too tricky                                                    
","['2 kg gooseberries', '12 elderflower heads , or 100ml elderflower cordial', '2 vanilla pods', '750 g sugar']"
https://www.jamieoliver.com/recipes/chocolate-recipes/vegan-chocolate-pots/,Vegan chocolate pots,10 minutes plus chilling                                                    ,"Super easy                                                    
","['200 g dairy-free dark chocolate (at least 75% cocoa solids)', '700 g silken tofu', '160 g maple syrup', '1 lime , zest of', '1 tablespoon vanilla bean paste', '1 tablespoon dark rum', '1 large pinch of dried chilli flakes', '1 large pinch of sea salt']"
https://www.jamieoliver.com/recipes/vegetables-recipes/brilliant-veggie-burger/,Brilliant veggie burger,1 hour 20 minutes                                                    ,"Not too tricky                                                    
","['200 g frozen sweetcorn', '400 g mixed frozen peas and broad beans', '½ a bunch of fresh coriander , (15)', '75 g plain flour , plus extra for dusting', '1 pinch of ground cumin', '1 teaspoon cayenne pepper', '1 tablespoon sesame seeds', '1 tablespoon sunflower seeds', 'olive oil', '½ an iceberg lettuce', '2 ripe tomatoes', '2 sprigs of fresh basil', '2 gherkins', '1 ripe avocado', '1 lime', '4 large quality burger buns', '1 punnet of cress', 'tomato ketchup', 'SPICED VEGAN MAYO', '2 spring onions', '½ a fresh red chilli', '½ a clove of garlic', '2 heaped tablespoons jarred chickpeas', '1 teaspoon English mustard', '1½ tablespoons sun-dried tomato paste', '1 splash of brandy', '1 lemon', 'extra virgin olive oil', 'CRISPY ONION RINGS', '1 large onion', '2 tablespoons red wine vinegar', '120 g self-raising flour', '½ teaspoon baking powder', '200ml golden ale or IPA , (cold)', '600 ml sunflower oil or sunseed oil , for frying']"
https://www.jamieoliver.com/recipes/vegetables-recipes/vegan-winter-rolls/,Vegan winter rolls,50 minutes                                                    ,"Super easy                                                    
","['100 g vermicelli rice noodles or glass noodles', '75 g kale', '50 g beansprouts , (ready to eat)', '1 carrot', '1 tablespoon pickled ginger', '1 large pomegranate', '4 sprigs of fresh mint', '4 sprigs of fresh coriander', '1 tablespoon sesame oil', '12 medium round rice-paper wrappers', 'For the dipping sauce:', '1 spring onion', '1 red chilli', '1 tablespoon pickled ginger', '2 limes', '4 tablespoons sweet chilli sauce', '2 teaspoons sesame oil', '2 teaspoons low-salt soy sauce']"
https://www.jamieoliver.com/recipes/fruit-recipes/mini-vegan-doughnuts/,Mini vegan doughnuts,50 minutes                                                    ,"Not too tricky                                                    
","['50 g dairy-free margarine', '120 ml organic soya milk', '1.5 litres sunflower oil', '250 g plain flour', '1½ teaspoons baking powder', '½ teaspoon sea salt', '50 g golden caster sugar', '200 g ripe raspberries', '1 heaped tablespoon icing sugar', '½ orange', 'For the vanilla sugar', '1 vanilla pod', '50 g caster sugar']"
https://www.jamieoliver.com/recipes/vegetables-recipes/the-perfect-chips/,The perfect chips,40 minutes                                                    ,"Showing off                                                    
","['800 g Maris Piper potatoes', 'sunflower oil']"
https://www.jamieoliver.com/recipes/chocolate-recipes/gluten-free-chocolate-brownies/,Gluten-free chocolate brownies,1 hour 20 minutes                                                    ,"Super easy                                                    
","['75 ml sunflower oil , plus extra for greasing', '6 tbsp ground flaxseed', '1 x 400g tin of aduki beans', '200 g soft light brown sugar', '55 g cocoa powder', '55 g ground almonds', '1 tsp gluten-free baking powder', '1 tsp vanilla extract', '100 g dark dairy-free chocolate', 'For the coconut whip:', '200 ml coconut cream', '3 tbsp icing sugar', '1/2 tsp vanilla extract']"
https://www.jamieoliver.com/recipes/chocolate-recipes/vegan-chocolate-cherry-honeycomb-parfait/,"Vegan chocolate, cherry & honeycomb parfait",1 hour 45 minutes                                                    ,"Not too tricky                                                    
","['200 g dark dairy-free chocolate', '85 g blanched almonds', '150 g dairy-free margarine', '85 g glacé cherries', '100 g dried cranberries', 'Honeycomb', 'vegetable oil , for greasing', '5 tbsp granulated sugar', '2 tbsp golden syrup', '1/2 tsp bicarbonate of soda']"
https://www.jamieoliver.com/recipes/vegetables-recipes/sicilian-roasted-cauliflower-brussels-sprouts/,Sicilian roasted cauliflower & Brussels sprouts,1 hour 10 minutes                                                    ,"Super easy                                                    
","['50 g pine nuts', '1 large head of cauliflower', '300 g Brussels sprouts', '50 g raisins', '12 strands of saffron', 'olive oil', 'garlic oil']"
https://www.jamieoliver.com/recipes/vegetables-recipes/vegan-beetroot-carpaccio/,Vegan beetroot Carpaccio,1 hour 10 minutes                                                    ,"Super easy                                                    
","['8 medium beetroots , a mixture of colours looks wonderful', '2 lemons', '½ a bunch of fresh dill , (15g)', '1 red onion', '2 teaspoons caster sugar', '2 tablespoons olive oil', '1 tablespoon capers , drained and rinsed']"
https://www.jamieoliver.com/recipes/vegetables-recipes/vegan-mushroom-chestnut-cranberry-tart/,"Vegan mushroom, chestnut & cranberry tart",2 hours 35 minutes                                                    ,"Not too tricky                                                    
","['230 g gluten-free plain flour', '½ teaspoon xanthan gum', '60 g dairy-free margarine', '60 g vegetable shortening', 'Filling:', '1 large onion', '2 cloves of garlic', '5-6 carrots , (450g)', '250 g chestnut mushrooms', '360 g peeled chestnuts', 'olive oil', '1 teaspoon dried thyme', '225 g soya cream cheese', '250 g wild mushrooms', '½ a bunch of fresh flat-leaf parsley , (15g)', '2 tablespoons garlic oil', '2 tablespoons dried cranberries', 'Redcurrant gravy:', '1 tablespoon walnut oil , or garlic oil', '1 tablespoon redcurrant jelly', '300 ml hot vegetable stock', '1 heaped tablespoon cornflour , mixed with 2 tbsp water', 'Roast potatoes:', '2.5 kg floury potatoes', 'groundnut oil , or olive oil']"
https://www.jamieoliver.com/recipes/vegetables-recipes/vegan-nut-roast/,Vegan nut roast,45 minutes                                                    ,"Not too tricky                                                    
","['50 g pine nuts , plus extra for decorating', '50 g linseed', '50 g sunflower seeds', '100 g unsweetened chestnut purée', '50 g gluten-free vegetarian suet', '1 tablespoon maple syrup', 'gluten-free flour , for dusting', 'Spinach topping:', '300 g chestnut mushrooms', 'rapeseed oil', '260 g baby leaf spinach , or frozen chopped spinach', '1 teaspoon cracked black pepper', '1 ripe avocado', '100 g silken tofu', '1 pinch of ground nutmeg', '1 squeeze of lemon juice', '¼ of a sweet potato', 'olive oil']"
https://www.jamieoliver.com/recipes/fruit-recipes/gluten-free-lemon-millet-biscuits/,Gluten-free lemon millet biscuits,30 minutes                                                    ,"Super easy                                                    
","['125 ml olive oil', '4 tablespoons soya yoghurt , plus extra', '3 lemons', '125 g light brown sugar', '165 g gluten-free plain flour', '75 g gluten-free oats', '40 g millet flakes , plus extra to top', '40 g unsweetened desiccated coconut , plus extra to top']"
https://www.jamieoliver.com/recipes/chocolate-recipes/dairy-free-chocolate-truffles/,Dairy-free chocolate truffles,30 minutes plus setting                                                    ,"Super easy                                                    
","['240 ml light coconut milk', '300 g dairy-free dark chocolate', '3 tablespoons coconut oil', '1 teaspoon vanilla bean paste , or vanilla extract', '1 handful of desiccated coconut', '1 handful of mixed nuts , such as pecans, hazelnuts, macadamias', '2 tablespoons quality cocoa powder']"
https://www.jamieoliver.com/recipes/fruit-recipes/dairy-free-vanilla-ice-cream/,Dairy-free vanilla ice cream,35 minutes plus freezing                                                    ,"Super easy                                                    
","['2 vanilla pods', '1 teaspoon vanilla-bean paste', '1 x 400 g tin of light coconut milk', '300 ml unsweetened organic soya milk', '165 g agave syrup']"
https://www.jamieoliver.com/recipes/vegetables-recipes/vegan-dim-sum-buns/,Vegan dim sum buns,45 minutes                                                    ,"Not too tricky                                                    
","['2 cloves of garlic', '1 thumb-sized piece of fresh ginger', '½ a bunch of fresh coriander , (15g)', 'groundnut oil', '450 g mixed mushrooms , such as shiitake and chestnut', '2 tablespoons rice wine vinegar', '2 tablespoons sweet chilli sauce', '2 tablespoons low-salt soy sauce', '4 spring onions', '1 fresh red chilli', 'sesame oil', '1 x 400 g tin of light coconut milk', '500 g self-raising flour , or 2 filled coconut milk tins of flour, plus extra for dusting', '2 tablespoons sesame seeds', 'hoisin sauce , to serve']"
https://www.jamieoliver.com/recipes/bread-recipes/vegan-ginger-cupcakes/,Vegan ginger cupcakes,35 minutes plus cooling                                                    ,"Super easy                                                    
","['350 g plain flour', '2 teaspoons baking powder', '1 teaspoon bicarbonate of soda', '1 level teaspoon ground ginger , plus extra for dusting', '1 heaped teaspoon ground cinnamon', '½ teaspoon sea salt', '220 ml vegetable oil', '200 g golden syrup', '60 g organic soya yogurt', '120 ml organic soya milk', '2 pieces of stem ginger , in syrup', 'ICING', '200 g icing sugar', '55 g dairy-free margarine', '200 g dairy-free cream cheese']"
https://www.jamieoliver.com/recipes/vegetables-recipes/vegan-shepherd-s-pie/,Vegan shepherd's pie,1 hour 25 minutes                                                    ,"Not too tricky                                                    
","['600 g Maris Piper potatoes', '600 g sweet potatoes', '40 g dairy-free margarine , (or use butter or margarine if you’re not vegan)', '1 onion', '2 carrots', '3 cloves of garlic', '2 sticks of celery', '1 tablespoon coriander seeds', 'olive oil', '½ a bunch of fresh thyme , (10g)', '350 g chestnut mushrooms', '12 sun-dried tomatoes', '2 tablespoons balsamic vinegar', 'vegan red wine , (or regular red wine if you’re not vegan), optional', '100 ml vegetable stock', '1 x 400 g tin of lentils', '1 x 400 g tin of chickpeas', '5 sprigs of fresh flat-leaf parsley', '2 sprigs of fresh rosemary', '1 lemon', '30 g fresh breadcrumbs']"
https://www.jamieoliver.com/recipes/pasta-recipes/vegan-mac-n-cheese/,Vegan mac ‘n’ cheese,40 minutes                                                    ,"Super easy                                                    
","['350 g dried macaroni', 'sea salt', 'freshly ground black pepper', '1 onion', '1 litre unsweetened organic soya milk', '100 g dairy-free margarine', '85 g plain flour', '1 heaped teaspoon English mustard', '1½ tablespoons nutritional yeast flakes', '50 g vegan cheese , optional (available from specialist stores)', '5 cloves of garlic', '½ a bunch of fresh thyme', 'olive oil', '40 g fresh breadcrumbs']"
https://www.jamieoliver.com/recipes/chocolate-recipes/vegan-chocolate-brownies/,Vegan chocolate brownies,40 minutes                                                    ,"Super easy                                                    
","['5 tablespoons sunflower oil , plus extra for greasing', '200 g dairy-free dark chocolate', '170 g self-raising flour', '3 heaped teaspoons cocoa powder', '180 g golden caster sugar', 'sea salt', '1 vanilla pod', '230 ml unsweetened organic soya milk', '200 g pecan nuts']"
https://www.jamieoliver.com/recipes/bread-recipes/vegan-bread-butter-pudding/,Vegan bread & butter pudding,1 hour                                                    ,"Not too tricky                                                    
","['100 g dairy-free margarine , (suitable for baking)', '1 large pinch of ground cinnamon', '1 large pinch of ground ginger', '1 orange , zest of', '10 thick slices of quality stale bread', '100 g apricots', '100 g sultanas', '5 tablespoons quality thick-cut marmalade', 'For the custard:', '1 vanilla pod', '800 ml organic soya milk , unsweetened', '5 tablespoons cornflour', '6 tablespoons golden caster sugar']"
https://www.jamieoliver.com/recipes/fruit-recipes/vegan-blueberry-pancakes/,Vegan blueberry pancakes,30 minutes                                                    ,"Super easy                                                    
","['1 tablespoon ground flaxseed', '1 tablespoon coconut oil', '250 ml unsweetened organic soya milk , or almond milk', '1 teaspoon cider vinegar', '125 g wholemeal flour', '1 teaspoon golden caster sugar', '1 teaspoon baking powder', '¼ teaspoon bicarbonate of soda', '1 pinch of sea salt', '50 g blueberries , plus extra to serve', 'vegetable oil', 'organic soya yoghurt , to serve', 'maple syrup , to serve']"
https://www.jamieoliver.com/recipes/vegetables-recipes/the-best-vegan-burger/,The best vegan burger,30 minutes plus chilling                                                    ,"Not too tricky                                                    
","['1 x 400 g tin of chickpeas', '1 x 340 g tin of sweetcorn', '½ a bunch of fresh coriander , (15g)', '½ teaspoon paprika', '½ teaspoon ground coriander', '½ teaspoon ground cumin', '1 lemon', '3 heaped tablespoons plain flour , plus extra for dusting', 'rapeseed oil', '1 small round lettuce', '2 large ripe tomatoes', 'tomato ketchup', '4 wholemeal burger buns']"
https://www.jamieoliver.com/recipes/vegetables-recipes/my-special-vegan-kofte/,My special vegan kofte,1 hour                                                    ,"Super easy                                                    
","['1 teaspoon coriander seeds', '1 teaspoon cumin seeds', '5 cm piece of ginger', '2 cloves of garlic', 'olive oil', '2 courgettes', '1 big bunch of fresh coriander , (60g)', '1 x 400 g tin of chickpeas', '40 g fine breadcrumbs', 'MINTY YOGHURT DIP', '½ a cucumber', '3 sprigs of fresh mint', '4 tablespoons organic soya yoghurt', '1 lemon', 'NUTTY SAUCE', '1 small onion', '1 clove of garlic', '100 g cashew nuts', '140 ml light coconut milk', '2 tablespoons smooth peanut butter']"
https://www.jamieoliver.com/recipes/chocolate-recipes/dairy-free-chocolate-mousse/,Dairy-free chocolate mousse,15 minutes plus chilling                                                    ,"Super easy                                                    
","['150 g dairy-free dark chocolate , plus extra for serving', '2 large ripe avocados', '2 tablespoons cocoa powder', '2 teaspoons vanilla bean paste', '3 tablespoons maple syrup', '1 x 160 g tin of coconut cream']"
https://www.jamieoliver.com/recipes/vegetables-recipes/roast-tomato-and-bread-soup/,Roast tomato & bread soup,1 hour 35 minutes                                                    ,"Not too tricky                                                    
","['2 kg ripe tomatoes', '½ a bulb of garlic', '2 red onions', '1 pinch of dried oregano', 'olive oil', '1 litre organic vegetable stock', 'a few sprigs of fresh basil', '1 x 280 g ciabatta loaf', 'red wine vinegar', 'extra virgin olive oil']"
https://www.jamieoliver.com/recipes/vegetables-recipes/summer-ratatouille-salad/,Summer ratatouille salad,35 minutes                                                    ,"Super easy                                                    
","['2 romano peppers', '1 aubergine', '400 g baby courgettes with flowers', 'olive oil', '90 g tinned plum tomatoes', '1 tablespoon sherry vinegar', '400 g ripe tomatoes , ideally a mixture of cherry and heritage', '2 handfuls of fresh mixed herbs , such as basil, chives or parsley', '1 handful of mizuna leaves']"
https://www.jamieoliver.com/recipes/bread-recipes/jemma-s-vegan-vanilla-fudge-cupcakes/,Jemma’s vegan vanilla fudge cupcakes,45 minutes plus cooling                                                    ,"Not too tricky                                                    
","['300 g caster sugar', '150 ml sunflower oil', '1 teaspoon vanilla extract', '500 g dairy-free soya yoghurt', '2 teaspoons cider vinegar', '350 g plain flour', '1 teaspoon bicarbonate of soda', '1½ teaspoons baking powder', 'For the vegan vanilla icing', '200 g dairy-free soya spread , chilled', '660 g icing sugar', '½ teaspoon vanilla extract']"
https://www.jamieoliver.com/recipes/couscous-recipes/kerryann-s-turkish-style-couscous/,Kerryann’s Turkish-style couscous,15 minutes                                                    ,"Super easy                                                    
","['250 g couscous', '1 teaspoon ground cumin', '1 teaspoon smoked paprika', 'sea salt', 'freshly ground black pepper', '1 medium red onion , peeled', '1 medium cucumber', '2 ripe tomatoes', '1 fresh red chilli', '1 bunch of fresh mint , leaves picked', '½ bunch of fresh coriander , leaves picked', '1 bunch of fresh flat-leaf parsley', '1 tablespoon tomato purée', '2 tablespoons extra virgin olive oil', '½ unwaxed lemon , zest and juice from']"
https://www.jamieoliver.com/recipes/vegetables-recipes/kerryann-s-chilli-con-veggie/,Kerryann’s chilli con veggie,1 hour 45 minutes                                                    ,"Super easy                                                    
","['2 medium onions', '4 cloves of garlic', '1 medium leek', '1 long fresh red chilli', '2 tablespoons olive oil', '2 tablespoons ground cumin', '2 tablespoons ground coriander', '2 tablespoons smoked paprika', '½ a cinnamon stick , or 1 teaspoon ground cinnamon', '2 tablespoons dried oregano', '1 whole nutmeg , for grating', '2 tablespoons tomato purée', '250 g dried green lentils', '250 g dried red lentils', '2 x 400 g tins of red kidney beans', '2 x 400 g tins of black beans', '2 x 400 g tins of chopped tomatoes', '1.2 litres vegetable stock']"
https://www.jamieoliver.com/recipes/vegetables-recipes/briam/,Briam,1 hour 20 minutes                                                    ,"Super easy                                                    
","['150 ml extra-virgin olive oil , plus extra if needed', '1 large aubergine', '1 large onion', '3 cloves of garlic', '800 g large potatoes', '6 medium tomatoes', '12 cherry tomatoes', '5 courgettes', '300 g tomato passata', '1 tablespoon dried oregano', '½ a bunch of fresh flat-leaf parsley , (15g)']"
https://www.jamieoliver.com/recipes/fruit-recipes/vegan-victoria-sponge/,Vegan Victoria sponge,50 minutes plus cooling                                                    ,"Super easy                                                    
","['300 g dairy-free margarine (suitable for baking) , plus extra for greasing', '300 g gluten-free plain flour , plus extra for dusting', '300 g golden caster sugar', '2 vanilla pods', '200 g organic soya yoghurt', '2 lemons , zest only', '2 tablespoons gluten-free baking powder', '½ teaspoon xanthan gum', 'rice milk , optional', 'FILLING', '200 g icing sugar , plus extra for dusting', '100 g dairy-free margarine', '100 g fresh raspberries', '4 tablespoons raspberry jam']"
https://www.jamieoliver.com/recipes/chocolate-recipes/epic-vegan-chocolate-cake/,Epic vegan chocolate cake,50 minutes                                                    ,"Not too tricky                                                    
","['300 g dairy-free margarine (suitable for baking) , plus extra for greasing', '300 g gluten-free plain flour , plus extra for dusting', '300 g golden caster sugar', '2 teaspoons vanilla extract', '200 g organic soya yoghurt', '2 teaspoons gluten-free baking powder', '½ teaspoon xanthan gum', '70 g cocoa powder', '6 tablespoons rice milk', '100 g fresh raspberries', 'dairy-free dark chocolate (70% cocoa solids) , to serve', 'FOR THE ICING', '200 g icing sugar', '4 tablespoons cocoa powder', '100 g dairy-free margarine', '2 tablespoons organic soya yoghurt']"
https://www.jamieoliver.com/recipes/vegetables-recipes/garden-glut-soup/,Garden glut soup,1 hour 30 minutes                                                    ,"Not too tricky                                                    
","['1 medium onion', '2 sticks of celery', '1 medium leek', '2 cloves of garlic', 'olive oil', '3 medium potatoes', '2 courgettes', '1 vegetable stock cube , or 1.4 litres hot fresh vegetable stock', '100 g podded fresh peas , or broad beans', '200 g baby spinach', 'a few sprigs of fresh mint']"
https://www.jamieoliver.com/recipes/fruit-recipes/strawberry-slushie/,Strawberry slushie,15 minutes                                                    ,"Super easy                                                    
","['500 g strawberries', '1 sprig of fresh mint', 'ice cubes', '1 lemon', 'optional:', '1 teaspoon golden caster suger']"
https://www.jamieoliver.com/recipes/vegetables-recipes/crunchy-carrot-pittas/,Crunchy carrot pittas,1 hour                                                    ,"Super easy                                                    
","['6 medium carrots', 'a bunch of fresh coriander', '2 tablespoons sesame seeds', '1 tablespoon poppy seeds', '6 wholemeal pittas', '1 orange', '2 lemons', 'extra virgin olive oil', 'sea salt', 'freshly ground black pepper']"
https://www.jamieoliver.com/recipes/vegetables-recipes/corn-salsa/,Corn salsa,20 minutes                                                    ,"Super easy                                                    
","['4 corn on the cob', '½ a bunch of fresh coriander', '½ a fresh red chilli', '4 spring onions', '3 ripe tomatoes', 'sea salt', '2 limes', '1 tablespoon extra virgin olive oil']"
https://www.jamieoliver.com/recipes/vegetables-recipes/root-vegetable-salad/,Root vegetable salad,20 minutes                                                    ,"Super easy                                                    
","['3 carrots', '3 raw beetroots (different colours if possible)', '1 bunch of radishes', '1 celery heart (with leaves)', '½ a small radicchio , or 1 baby gem lettuce', '1 fennel bulb', '1 lemon', '½ a bunch of fresh mint', '5 tablespoons extra virgin olive oil', 'sea salt', 'freshly ground black pepper']"
https://www.jamieoliver.com/recipes/vegetables-recipes/simple-lemony-spring-greens/,Simple lemony spring greens,15 minutes                                                    ,"Super easy                                                    
","['1 lemon', '2 tablespoons extra virgin olive oil', 'sea salt', 'freshly ground black pepper', '500 g spring greens']"
https://www.jamieoliver.com/recipes/vegetables-recipes/smoky-mixed-potato-wedges/,Smoky mixed-potato wedges,45 minutes                                                    ,"Super easy                                                    
","['2 large sweet potatoes', '2 medium potatoes', '1 teaspoon sweet smoked paprika', 'olive oil']"
https://www.jamieoliver.com/recipes/fruit-recipes/incredible-homemade-strawberry-jam/,Incredible homemade strawberry jam,35 minutes plus sterilizing and cooling time                                                    ,"Super easy                                                    
","['500 g high pectin sugar (jam sugar)', '1 vanilla pod', '1 kg ripe strawberries , washed and leafy tops removed']"
https://www.jamieoliver.com/recipes/vegetables-recipes/rosemary-roasted-jersey-royals/,Rosemary roasted Jersey Royals,1 hour                                                    ,"Super easy                                                    
","['1.2 kg Jersey Royal potatoes', '1 bulb of garlic , unpeeled', 'a few sprigs of fresh rosemary', 'sea salt', 'freshly ground black pepper', 'olive oil']"
https://www.jamieoliver.com/recipes/bread-recipes/potato-and-rosemary-focaccia/,Potato and rosemary focaccia,1 hour 20 minutes plus proving time                                                    ,"Super easy                                                    
","['For the dough:', '1 kg strong bread flour', '1 x 7 g sachet of dried yeast', 'sea salt', 'freshly ground black pepper', 'olive oil', 'extra virgin olive oil', 'For the topping:', 'olive oil', 'a handful of Jersey Royal potatoes', '3-4 purple potatoes', '4 sprigs of fresh rosemary , leaves picked', '1 bulb of garlic']"
https://www.jamieoliver.com/recipes/vegetables-recipes/summer-four-grain-salad-with-garlic-lemon-and-herbs/,"Summer four-grain salad with garlic, lemon and herbs",40 minutes                                                    ,"Super easy                                                    
","['½ a bunch of fresh mint , (15g)', '½ a bunch of fresh parsley , (15g)', '200 g mixed wild rice', '100 g red rice', '100 g pearl barley or farro', '1 bulb of garlic', '1 lemon', 'olive oil', '½ teaspoon fennel seeds', '1 teaspoon cumin seeds', '75 g rolled porridge oats']"
https://www.jamieoliver.com/recipes/bread-recipes/bruschetta-with-tomato-and-basil/,Bruschetta with tomato & basil,10 minutes                                                    ,"Super easy                                                    
","['1 small loaf of sourdough bread', '1 clove of garlic', '2 handfuls of nice mixed-colour ripe tomatoes', '½ a bunch of fresh basil', 'quality herb or white wine vinegar']"
https://www.jamieoliver.com/recipes/vegetables-recipes/full-of-veg-tomato-sauce/,'Full of veg' tomato sauce,1 hour 15 minutes plus cooling time                                                    ,"Super easy                                                    
","['olive oil', '2 small onions , peeled and chopped', '1 small leek , chopped and washed', '2 sticks celery , trimmed and chopped', '2 red peppers , chopped', '2 courgettes , grated', '2 carrots , grated', '1 large pinch dried oregano', '2 bay leaves', '4 x 400 g tinned plum tomatoes', '1 small butternut squash , peeled and seeds removed, grated', 'sea salt', 'freshly ground black pepper']"
https://www.jamieoliver.com/recipes/vegetables-recipes/-abundance-tomato-soup-with-basil-oil/,'Abundance' tomato soup with basil oil,25 minutes                                                    ,"Super easy                                                    
","['olive oil', '2 cloves of garlic', '2 kg very ripe mixed tomatoes', 'good-quality red wine vinegar', 'BASIL OIL', '1 large bunch of fresh basil , (30g)', '200 ml extra virgin olive oil']"
https://www.jamieoliver.com/recipes/vegetables-recipes/mushrooms-fish-and-chips-style-with-posh-vinegar/,Mushrooms 'fish and chips style' with posh vinegar,20 minutes plus steeping time                                                    ,"Super easy                                                    
","['4 sprigs fresh tarragon', '2 sprigs fresh thyme', '6 white peppercorns', '2 cloves garlic , peeled and finely sliced', '400 ml white wine vinegar', '1 litre olive oil', '100 g plain flour', 'sea salt', 'freshly ground black pepper', '1 lemon , zest of', '4 large handfuls mixed mushrooms (porcini, field, girolles and morels)', '1 small bunch fresh flat-leaf parsley']"
https://www.jamieoliver.com/recipes/fruit-recipes/mojito-fruit-salad/,Mojito fruit salad,15 minutes                                                    ,"Super easy                                                    
","['1 bunch fresh mint , leaves picked', '3 limes , finely grated zest and juice of', '2 tablespoons light brown sugar', 'white rum , to taste', '¼ large watermelon , peeled and cut into chunks', '2 ripe mangoes , stoned and flesh scooped out with a spoon', '1 ripe pineapple , peeled, cored and cut into chunks']"
https://www.jamieoliver.com/recipes/vegetables-recipes/vegetable-curry/,Vegetable curry,50 minutes                                                    ,"Super easy                                                    
","['vegetable oil', '1 medium red onion , peeled and chopped', '1 courgette , diced', '½ butternut squash , peeled and diced', '100 g mushrooms , quartered', '1 red pepper , diced', '150 g cauliflower , broken into florets', '600 ml curry base sauce', '400 ml water']"
https://www.jamieoliver.com/recipes/vegetables-recipes/unbelievable-root-vegetable-salad/,Unbelievable root vegetable salad,10 minutes                                                    ,"Super easy                                                    
","['3 fresh beetroots , different colours if possible, peeled', '3 carrots , peeled', '1 heart celery , with leaves', '½ small radicchio , washed and dried', '1 bunch radishes , topped and tailed', '1 bulb fennel , herby tops reserved', '1 Grilled chilli dressing']"
https://www.jamieoliver.com/recipes/vegetables-recipes/tray-baked-artichokes-with-almonds-breadcrumbs-and-herbs/,"Tray-baked artichokes with almonds, breadcrumbs and herbs",1 hour                                                    ,"Not too tricky                                                    
","['8 medium-sized globe artichokes', '1 lemon', '2 cloves garlic , finely chopped', '1 handful whole almonds , finely chopped', '2 handfuls coarse breadcrumbs', '1 handful fresh mint , finely chopped', '1 handful fresh parsley , finely chopped', 'sea salt', 'freshly ground black pepper', 'extra virgin olive oil', '1 glass white wine']"
https://www.jamieoliver.com/recipes/vegetables-recipes/the-quickest-tomato-sauce/,The quickest tomato sauce,20 minutes                                                    ,"Super easy                                                    
","['4 cloves of garlic', '1 bunch of fresh basil , (30g)', 'olive oil', '3 x 400 g tins of quality plum tomatoes']"
https://www.jamieoliver.com/recipes/vegetables-recipes/the-best-whole-baked-carrots/,The best whole-baked carrots,1 hour                                                    ,"Super easy                                                    
","['750 g young bunched carrots , different colours if possible, washed and scrubbed', 'olive oil', 'herb or red wine vinegar', 'sea salt', 'freshly ground black pepper', 'a few sprigs of fresh thyme', '3 cloves garlic , crushed']"
https://www.jamieoliver.com/recipes/vegetables-recipes/summer-tomato-and-horseradish-salad/,Summer tomato and horseradish salad,10 minutes plus salting time                                                    ,"Super easy                                                    
","['4 large handfuls mixed tomatoes', 'sea salt', 'freshly ground black pepper', 'extra virgin olive oil', 'good-quality red wine vinegar', '½ clove garlic , grated', '2 teaspoons fresh horseradish , grated, or jarred hot horseradish', '1 small handful fresh flat-leaf parsley , finely sliced']"
https://www.jamieoliver.com/recipes/vegetables-recipes/street-salad-insalata-di-strada/,Street salad (Insalata di strada),30 minutes                                                    ,"Super easy                                                    
","['500 g new potatoes , scrubbed', 'sea salt', 'freshly ground black pepper', '3 handfuls mixed crunchy salad leaves, such as, radicchio, rocket, romaine', '1 small handful fresh mint , leaves picked and torn', '1 bulb fennel , halved and finely sliced, herby tops reserved', '½ Cedro lemon , sliced wafer thin, optional', 'For the Sicilian blood orange dressing', '1 blood orange , juice of', '3 tablespoons good-quality white wine vinegar or herb vinegar', 'extra virgin olive oil', '1 good pinch dried oregano', '2 tablespoons capers , washed if using salted, chopped if large', 'sea salt', 'freshly ground black pepper']"
https://www.jamieoliver.com/recipes/fruit-recipes/strawberries-with-lemon-and-mint-fragole-con-limone-e-menta/,Strawberries with lemon and mint (Fragole con limone e menta),5 minutes plus freezing time                                                    ,"Super easy                                                    
","['400 g strawberries , hulled and quartered, or wild strawberries left whole', '1 lemon , finely grated zest of', '2 tablespoons caster sugar', '4 sprigs mint']"
https://www.jamieoliver.com/recipes/vegetables-recipes/stir-fried-corn-with-chilli-ginger-garlic-and-parsley/,"Stir-fried corn with chilli, ginger, garlic and parsley",5 minutes                                                    ,"Super easy                                                    
","['corn kernels', '2 tablespoons olive oil', '1 tablespoon chopped ginger', '1 teaspoon chopped chilli', '1 handful chopped fresh parsley', '2 tablespoons low-salt soy sauce']"
https://www.jamieoliver.com/recipes/vegetables-recipes/smashed-celeriac/,Smashed celeriac,40 minutes                                                    ,"Super easy                                                    
","['1 celeriac', 'olive oil', '1 handful of fresh thyme', '2 cloves of garlic', '3-4 tablespoons water or organic stock']"
https://www.jamieoliver.com/recipes/vegetables-recipes/simple-crunchy-side-salad/,Simple crunchy side salad,10 minutes                                                    ,"Super easy                                                    
","['1 handful of fine green beans', '1 little gem lettuce', '1 cos lettuce', '½ cucumber', '1 carrot', '1 heart celery , yellow leaves reserved', '1 handful fresh flat-leaf parsley , leaves picked']"
https://www.jamieoliver.com/recipes/vegetables-recipes/saut-ed-jerusalem-artichokes-with-garlic-and-bay-leaves/,Sautéed Jerusalem artichokes with garlic and bay leaves,40 minutes                                                    ,"Super easy                                                    
","['600 g Jerusalem artichokes', 'olive oil', 'a few bay leaves', '2 cloves garlic', '1 splash white wine vinegar', 'salt', 'pepper']"
https://www.jamieoliver.com/recipes/vegetables-recipes/roasted-baby-leeks-with-thyme/,Roasted baby leeks with thyme,20 minutes                                                    ,"Super easy                                                    
","['20 baby leeks', 'olive oil', 'red wine vinegar', '1 teaspoon chopped fresh thyme leaves', '2 cloves garlic , peeled and sliced']"
https://www.jamieoliver.com/recipes/vegetables-recipes/raw-beetroot-salad/,Raw beetroot salad,15 minutes                                                    ,"Super easy                                                    
","['beetroots', 'salt', 'pepper', 'flat-leaf parsley', 'fresh horseradish']"
https://www.jamieoliver.com/recipes/fruit-recipes/pukka-pineapple-with-bashed-up-mint-sugar/,Pukka pineapple with bashed-up mint sugar,20 minutes                                                    ,"Super easy                                                    
","['1 ripe pineapple', 'natural yoghurt , to serve, optional', '2 tablespoons caster sugar', '1 handful fresh mint']"
https://www.jamieoliver.com/recipes/fruit-recipes/pear-sorbet-sorbetto-di-pere/,Pear sorbet (Sorbetto di pere),25 minutes plus freezing time                                                    ,"Super easy                                                    
","['200 g caster sugar', '200 ml water', '1 kg soft pears , peeled, quartered and cores removed', '1 lemon , juice and zest of', '55 ml grappa , or to taste']"
https://www.jamieoliver.com/recipes/vegetables-recipes/spicy-squash-soup/,Spicy squash soup,1 hour plus baking the pumpkin shell                                                    ,"Super easy                                                    
","['1¼ litres organic chicken or vegetable stock', '6-7 lime leaves', '3 fresh red chillies , deseeded', '2 cloves garlic , peeled', '1 large thumb-sized piece fresh ginger , peeled', '3 sticks lemongrass , trimmed and squashed with the back of a knife', 'sea salt', 'freshly ground black pepper', '1 small bunch fresh coriander', 'olive oil', '1 heaped teaspoon five-spice', '1 teaspoon ground cumin', '1 onion , peeled and finely sliced', '1 large butternut or acorn squash , halved, deseeded and cut into 1 inch chunks', '200 g basmati rice , washed', '2 x 400 ml tinned light coconut milk', '3-4 limes , juice of', '1 fresh red chilli , finely sliced, optional']"
https://www.jamieoliver.com/recipes/vegetables-recipes/minted-peas-under-oil/,Minted peas under oil,40 minutes                                                    ,"Super easy                                                    
","['4-6 big handfuls fresh or frozen peas', '1 small bunch fresh mint', 'sea salt', 'freshly ground black pepper', '1 lemon , juice of, or a swig of red or white vinegar', '200 ml good-quality extra virgin olive oil']"
https://www.jamieoliver.com/recipes/vegetables-recipes/mexican-street-salad/,Mexican street salad,15 minutes                                                    ,"Super easy                                                    
","['½ small white cabbage', '½ small red cabbage', '1 small bunch radishes , (about 10) trimmed and finely sliced', '2 carrots , peeled and finely sliced', '1 big bunch fresh coriander (60g) , leaves and stalks finely chopped', '2 large jalapeno chillies (or other green chilli) , to taste, finely sliced', '1 red onion , peeled and finely sliced', 'extra virgin olive oil', '2-3 limes , juice of']"
https://www.jamieoliver.com/recipes/vegetables-recipes/marinated-mediterranean-olives/,Marinated Mediterranean olives,5 minutes                                                    ,"Super easy                                                    
","['1½ tablespoons coriander seeds', '1 lemon', '200 g Kalamata olives', '200 g green queen olives', 'extra virgin olive oil', 'sea salt', 'freshly ground black pepper']"
https://www.jamieoliver.com/recipes/rice-recipes/lemon-rice/,Lemon rice,25 minutes                                                    ,"Super easy                                                    
","['455 g basmati rice', '5 tablespoons vegetable oil', '2 tablespoons mustard seeds', '2 teaspoons urad dhal (small dried split peas)', '1 handful curry leaves', '2 lemons , rind and juice of', '1 bunch fresh coriander , chopped', 'sea salt', 'freshly ground black pepper']"
https://www.jamieoliver.com/recipes/vegetables-recipes/italian-style-greens-ricetta-tipica-per-verdure-verdi/,Italian style greens (Ricetta tipica per verdure verdi),15 minutes                                                    ,"Super easy                                                    
","['6 big handfuls mixed greens, leaves and herbs', 'olive oil', '2 cloves garlic , peeled and sliced', 'sea salt', 'freshly ground black pepper', 'extra virgin olive oil', '1 lemon , juice of']"
https://www.jamieoliver.com/recipes/vegetables-recipes/incredible-sicilian-aubergine-stew-caponata/,Incredible Sicilian aubergine stew (Caponata),30 minutes                                                    ,"Super easy                                                    
","['2 large aubergines', '1 small red onion', '2 cloves of garlic', '½ a bunch fresh flat-leaf parsley , (15g)', '2 tablespoons salted capers', '1 handful of green olives', '5 large ripe tomatoes', 'olive oil', '1 heaped teaspoon dried oregano', '2-3 tablespoons best-quality herb vinegar', 'OPTIONAL', '2 tablespoons slivered almonds']"
https://www.jamieoliver.com/recipes/vegetables-recipes/homemade-tomato-ketchup/,Homemade tomato ketchup,1 hour 5 minutes                                                    ,"Super easy                                                    
","['1 large red onion , peeled and roughly chopped', '½ bulb fennel , trimmed and roughly chopped', '1 stick celery , trimmed and roughly chopped', 'olive oil', '5 cm piece of ginger , peeled and roughly chopped', '2 cloves garlic , peeled and sliced', '½ fresh red chilli , deseeded and finely chopped', '1 bunch fresh basil , (30g), leaves picked, stalks chopped', '1 tablespoon coriander seeds', '2 cloves', '1 kg yellow, orange or green tomatoes , chopped, or 500g cherry or plum tomatoes, halved plus 500g tinned plum tomatoes', '200 ml red wine vinegar', '70 g soft brown sugar']"
https://www.jamieoliver.com/recipes/vegetables-recipes/good-old-french-bean-salad/,Good old French bean salad,15 minutes                                                    ,"Super easy                                                    
","['4 handfuls French beans , stalk ends removed', '2-3 heaped teaspoons French mustard , to taste', '2 tablespoons good-quality white wine vinegar', '4 tablespoons extra virgin olive oil', 'sea salt', 'freshly ground black pepper', '1 medium shallot , peeled and finely chopped', '1 tablespoon capers , optional', '½ clove garlic , finely grated', '1 small handful fresh chervil , optional']"
https://www.jamieoliver.com/recipes/vegetables-recipes/farro-salad-with-roasted-veg-insalata-di-farro-con-verdure-al-forno/,Farro salad with roasted veg (Insalata di farro con verdure al forno),1 hour 20 minutes plus soaking and cooling time                                                    ,"Super easy                                                    
","['400 g farro or bulgar wheat', '3 yellow courgettes , halved lengthways and deseeded', '2 green courgettes , halved lengthways and deseeded', '2 bulbs fennel , trimmed and thickly sliced, herby tops reserved', '1 red onion , peeled and cut into wedges', '2 red peppers , halved, deseeded and cut into chunks', '2 aubergines , cut into chunks', '4 cloves garlic', 'extra virgin olive oil', 'sea salt', 'freshly ground black pepper', 'herb or white wine vinegar', '1 good bunch fresh herbs (flat-leaf parsley, basil, mint, oregano)', '1 squeeze lemon juice']"
https://www.jamieoliver.com/recipes/vegetables-recipes/dressed-green-salad/,Dressed green salad,10 minutes                                                    ,"Super easy                                                    
","['4 large handfuls freshly picked lettuces', 'jam jar dressing']"
https://www.jamieoliver.com/recipes/vegetables-recipes/curry-base-sauce/,Curry base sauce,1 hour 10 minutes                                                    ,"Super easy                                                    
","['100 g red lentils', '2 medium onions , peeled and roughly chopped', '3 medium carrots , roughly chopped', '1 red pepper , deseeded and roughly chopped', 'light olive oil or vegetable oil', '6 cloves garlic , peeled and roughly chopped', '70 g fresh ginger , peeled and roughly chopped', '6 stalks coriander , chopped', '1 whole red chilli , deseeded and roughly chopped', '1 tablespoon ground coriander', '1 tablespoon ground cumin', '½ teaspoon ground black pepper', '1 tablespoon ground cinnamon', '1 tablespoon paprika', '1 tablespoon turmeric', '1 tablespoon garam masala', '2 x 400 g tinned plum tomatoes', '300 ml water', '200 ml tinned coconut milk', 'salt', 'freshly ground black pepper']"
https://www.jamieoliver.com/recipes/vegetables-recipes/crunchy-keralan-salad/,Crunchy Keralan salad,15 minutes                                                    ,"Not too tricky                                                    
","['1 coconut', '2 red peppers', '4 punnets cress', '1 bunch spring onions', '2 ripe mangoes , peeled', 'For the dressing', '1 thumb-sized piece fresh ginger , peeled', '3-4 limes , zest and juice of', '7-8 tablespoons extra virgin olive oil', 'sea salt', 'freshly ground black pepper']"
https://www.jamieoliver.com/recipes/bread-recipes/crostini-greens/,Crostini – greens,10 minutes                                                    ,"Super easy                                                    
","['3 large handfuls cavolo nero, cabbage or Swiss chard', '3 cloves garlic', 'sea salt', 'freshly ground black pepper', 'extra virgin olive oil', 'Crostini', '1 squeeze lemon juice']"
https://www.jamieoliver.com/recipes/bread-recipes/crostini-tomato-and-olives/,Crostini - tomato and olives,10 minutes                                                    ,"Super easy                                                    
","['20 cherry tomatoes', '1 handful black or green olives', '2-3 lugs extra virgin olive oil', '1 swig balsamic vinegar', 'salt', 'pepper', 'a little dried chili , crumbled', 'Crostini', 'baby basil leaves']"
https://www.jamieoliver.com/recipes/vegetables-recipes/cheeky-chilli-pepper-chutney/,Cheeky chilli-pepper chutney,1 hour                                                    ,"Super easy                                                    
","['8–10 fresh red chillies', '8 ripe red peppers', '2 red onions', '1 sprig of fresh rosemary', 'olive oil', '2 fresh bay leaves', '1 stick of cinnamon', '100 g brown sugar', '150 ml balsamic vinegar']"
https://www.jamieoliver.com/recipes/vegetables-recipes/carrot-and-coriander-crunch-salad/,Carrot & coriander crunch salad,10 minutes                                                    ,"Super easy                                                    
","['6 medium carrots , washed and peeled', '1 large handful fresh coriander , leaves picked', '4 teaspoons sesame or poppy seeds , toasted', 'DRESSING', '1 orange , zest and juice of', '2 lemons', 'extra virgin olive oil', '2 heaped tablespoons sesame seeds , toasted', 'sea salt', 'freshly ground black pepper']"
https://www.jamieoliver.com/recipes/bread-recipes/bread-and-tomato-soup-pappa-al-pomodoro/,Bread & tomato soup (Pappa al pomodoro),50 minutes                                                    ,"Super easy                                                    
","['3 cloves of garlic', '1 big bunch of fresh basil', '500 g ripe cherry tomatoes', 'quality extra virgin olive oil', '2 x 400 g tins of quality plum tomatoes', '500 g stale quality bread', '3 cloves of garlic', '1 big bunch of fresh basil', '1lb 2 oz ripe cherry tomatoes', 'quality extra virgin olive oil', '2 x 400g tins of quality plum tomatoes', '1lb 2oz stale quality bread']"
https://www.jamieoliver.com/recipes/vegetables-recipes/braised-greens/,Braised greens,15 minutes                                                    ,"Super easy                                                    
","['2 large handfuls of silverbeet', '2 large handfuls of chicory', 'olive oil', '2 large cloves of garlic , peeled and finely sliced', 'sea salt', 'freshly ground black pepper', '2 large handfuls of rocket', '½ lemon']"
https://www.jamieoliver.com/recipes/vegetables-recipes/beetroot-red-apple-and-watercress-salad/,"Beetroot, red apple & watercress salad",20 minutes                                                    ,"Super easy                                                    
","['2 small red beetroot', '2 small candy beetroot', '½ a lemon', 'extra virgin olive oil', '1 bag of rocket', '40 g watercress', '1 small handful of pea shoots , optional', '2 red eating apples', '½ a bunch of fresh marjoram']"
https://www.jamieoliver.com/recipes/bread-recipes/basic-bread-recipe/,Basic bread recipe,55 minutes plus proving and cooling time                                                     ,"Not too tricky                                                    
","['1 kg strong bread flour', '625 ml tepid water', 'X3 7 g sachets of dried yeast , or 30g fresh yeast', '2 tablespoons sugar', '1 level tablespoon fine sea salt', 'flour , for dusting']"
https://www.jamieoliver.com/recipes/uncategorised-recipes/bashed-up-pine-nut-basil-and-balsamic-dressing/,"Bashed-up pine nut, basil and balsamic dressing",5 minutes                                                    ,"Super easy                                                    
","['½ clove garlic , peeled and bashed to a pulp', '1 good handful fresh basil , bashed to a pulp', '1 small handful toasted pine nuts , bashed to bits', '6 tablespoons olive oil', '3 tablespoons balsamic vinegar', 'sea salt', 'freshly ground black pepper']"
https://www.jamieoliver.com/recipes/vegetables-recipes/baked-new-potatoes-with-sea-salt-and-rosemary/,Baked new potatoes with sea salt & rosemary,40 minutes                                                    ,"Super easy                                                    
","['1 kg Jersey Royal potatoes', '2 sprigs of fresh rosemary', 'olive oil']"
https://www.jamieoliver.com/recipes/bread-recipes/baby-artichoke-bruschetta/,Baby artichoke bruschetta,35 minutes                                                    ,"Super easy                                                    
","['8 baby artichokes', '4 cloves of garlic', '1 lemon', 'olive oil', '1 bunch of fresh mint', 'BASIC BRUSCHETTE', '1 large loaf', '1 clove of garlic', 'extra virgin olive oil']"
https://www.jamieoliver.com/recipes/bread-recipes/aubergine-mint-bruschetta/,Aubergine & mint bruschetta,10 minutes                                                    ,"Super easy                                                    
","['2 nice firm aubergines , sliced lengthways about 3mm thick', 'extra virgin olive oil', 'white wine or herb vinegar', '2 sprigs fresh flat-leaf parsley , leaves picked and finely sliced', '1 small handful fresh mint , leaves picked and finely sliced', '1 clove garlic , peeled and very finely sliced', 'sea salt', 'freshly ground black pepper']"
